codon,AA,box
UCU,Ser,6-box
UCA,Ser,6-box
UCG,Ser,6-box
AGC,Ser,6-box
AGU,Ser,6-box
UCC,Ser,6-box
CGU,Arg,6-box
CGA,Arg,6-box
CGG,Arg,6-box
AGA,Arg,6-box
AGG,Arg,6-box
CGC,Arg,6-box
CUU,Leu,6-box
CUA,Leu,6-box
CUG,Leu,6-box
UUA,Leu,6-box
UUG,Leu,6-box
CUC,Leu,6-box
GCU,Ala,4-box
GCA,Ala,4-box
GCG,Ala,4-box
GCC,Ala,4-box
CCU,Pro,4-box
CCA,Pro,4-box
CCG,Pro,4-box
CCC,Pro,4-box
GUU,Val,4-box
GUA,Val,4-box
GUG,Val,4-box
GUC,Val,4-box
ACU,Thr,4-box
ACA,Thr,4-box
ACG,Thr,4-box
ACC,Thr,4-box
GGC,Gly,4-box
GGA,Gly,4-box
GGG,Gly,4-box
GGU,Gly,4-box
AUU,Ile,4-box
AUC,Ile,4-box
AUA,Ile,4-box
UUC,Phe,2-box
UUU,Phe,2-box
AAC,Asn,2-box
AAU,Asn,2-box
CAC,His,2-box
CAU,His,2-box
GAC,Asp,2-box
GAU,Asp,2-box
UAC,Tyr,2-box
UAU,Tyr,2-box
UGC,Cys,2-box
UGU,Cys,2-box
GAA,Glu,2-box
GAG,Glu,2-box
CAA,Gln,2-box
CAG,Gln,2-box
AAA,Lys,2-box
AAG,Lys,2-box
UGG,Trp,1-box
AUG,Met,1-box
